初冬，闽江正源鸳鸯戏水,newsDetail_forward_10238692
图忆｜漂泊160年，“马首”终于回家,newsDetail_forward_10215601
早安·世界｜韩国前总统全斗焕因诽谤死者获刑，汽车遭砸鸡蛋,newsDetail_forward_10213444
一周图片｜2021“国考”开考，平均录取比61:1,newsDetail_forward_10199921
早安·世界｜莫迪视察新冠疫苗研发，印度累计确诊逾939万,newsDetail_forward_10197714
早安·世界｜菅义伟视察航空自卫队基地，F-4战机内留影,newsDetail_forward_10190371
早安·世界｜马拉多纳去世：阿根廷总统夫妇向“球王”致敬,newsDetail_forward_10165164
特写｜天人和谐，紫云唤鸟人,newsDetail_forward_10151525
图忆｜马拉多纳去世：1986年世界杯上的“上帝之手”,newsDetail_forward_10149888
早安·世界｜拜登携六大国安和外交提名人亮相,newsDetail_forward_10132261
奔康记｜浙江新仓：一座临沪花园小城市正在历史机遇中奋起,newsDetail_forward_10103374
早安·世界｜美国一对感恩节火鸡入住豪华酒店，将被总统赦免,newsDetail_forward_10116353
一周图片｜QQJOY嘉年华上海连嗨三天，小姐姐惊艳COS,newsDetail_forward_10104217
直击｜浦东机场航站楼秩序井然，国内国际航班运行正常,newsDetail_forward_10102255
十一月的三明｜半城烟火半城画,newsDetail_forward_10101418
早安·世界｜危地马拉爆发反预算抗议，国会大楼遭纵火,newsDetail_forward_10100503
早安·世界｜纳卡冲突停火，亚美尼亚安葬阵亡士兵,newsDetail_forward_10093165
早安·世界｜研究人员欲利用人工智能技术重现500年前气味,newsDetail_forward_10067445
幸福花开新边疆|新疆阿图什：筑厂引企业，让村民家门口就业,newsDetail_forward_9707817
幸福花开新边疆|昆仑佳苑：牧民易地搬迁，“搬出”幸福生活,newsDetail_forward_9707908
早安·世界｜法国新冠确诊病例近200万，店主要求重开店铺,newsDetail_forward_10019631
一周图片｜“双11”买买买后，邮政快递业务量创历史新高,newsDetail_forward_10006497
早安·世界｜亚美尼亚人撤离前烧房子：绝不留给阿塞拜疆人,newsDetail_forward_10003949
早安·世界｜曼谷地铁一延长线通车，泰国国王王后亲临主持,newsDetail_forward_9996643
早安·世界｜台风“环高”袭击菲律宾，已有至少13人死亡,newsDetail_forward_9971816
《浦东十二时辰》海报集｜潮涌东方，奋楫破浪，星汉灿烂,newsDetail_forward_9942599
早安·世界｜不满停火协议，亚美尼亚示威者冲进政府大楼抗议,newsDetail_forward_9940171
进博直击｜缤纷展品：有颜有实力，明年再相会,newsDetail_forward_9926679
进博直击｜盛会回眸：世界市场的魅力，让人回味无穷,newsDetail_forward_9912548
一周图片｜一箭13星！长征六号首个“国际单”快递到太空,newsDetail_forward_9912382
胜千言｜退役珠海舰过境重庆，老兵深夜守候致敬“战友”,newsDetail_forward_9621310
直击｜巴黎宵禁后街景对比：为了黎明的曙光，暂别法式夜生活,newsDetail_forward_9620812
早安·世界｜阿塞拜疆为遇难者举行葬礼，男子紧搂孩子尸体,newsDetail_forward_9619017
直击｜凛冬将至：第二波疫情袭卷欧洲，各国面临最严峻考验,newsDetail_forward_9588392
城事｜魔都重塑风尚：上海时装周百场“大秀”提振产业信心,newsDetail_forward_9587494
晴朗的天空——青藏高原各族人民的新生活主题摄影展在京开幕,newsDetail_forward_9587348
早安·世界｜示威不断 ，泰国首都进入“非常紧急状态”,newsDetail_forward_9585299
进博直击｜倒计时20天：场馆搭建、绿化装饰正有序推进,newsDetail_forward_9573770
H5｜春天的故事：深圳经济特区建立40周年图片年历,newsDetail_forward_9555725
早安·世界｜参加佛教仪式，泰国诗妮娜王妃出狱后公开露面,newsDetail_forward_9538984
一周图片｜昌都解放70周年，西藏第一面五星红旗曾在此升起,newsDetail_forward_9530841
夺冠瞬间·湖人为科比而战｜沃格尔：詹姆斯是全宇宙最佳球员,newsDetail_forward_9528442
青岛全城核酸检测首日：守秩序，检测快，已采样27万余份,newsDetail_forward_9527262
直击｜6例确诊6例无症状，青岛连夜开展全城核酸检测,newsDetail_forward_9525886
早安·世界｜阿塞拜疆称第二大城市遭袭击，致9死34伤,newsDetail_forward_9525081
早安·世界｜特朗普白宫举行出院后首场公共活动，数百人参加,newsDetail_forward_9517074
解封半年后的武汉，黄鹤楼成最热门景点,newsDetail_forward_9493741
早安·世界｜印度庆祝空军日，战机空中炫技,newsDetail_forward_9490769
一键收藏！“最美高铁”合福线宝藏地图来啦,newsDetail_forward_9459335
海外中国留学生的中秋节：像过春节一样，新的一年，祝好,newsDetail_forward_9451358
特朗普夫妇、总统助理新冠病毒检测呈阳性，近期频繁出席活动,newsDetail_forward_9445587
一轮圆月下，共祝祖国好：全国各地欢度国庆中秋佳节,newsDetail_forward_9439877
喜迎双节｜浦江光影秀每晚展演9场，祝福全国人民万家团圆,newsDetail_forward_9422771
第三届中国新闻摄影周启动：百名摄影记者“遇见最美日照”,newsDetail_forward_9417099
倒计时｜7 6 5 4 3 2 1……10月1日，出发！,newsDetail_forward_9417009
明天高铁就要开了，快来看下时间，别误点了,newsDetail_forward_9416971
早安·世界｜美国四星上将当众自测新冠，称15分钟出结果,newsDetail_forward_9414408
城事｜浦东“白瓷碗”近日交付，首排观众席距离球场仅十米,newsDetail_forward_9399238
早安·世界｜亚阿冲突已致数百人伤亡，受伤儿童接受治疗,newsDetail_forward_9396573
多图直击｜亚阿冲突已致百余人死伤，纳卡村民被迫离家避难,newsDetail_forward_9382833
直击｜英雄魂归故土：117位志愿军烈士遗骸在沈阳安葬,newsDetail_forward_9381847
一周图片｜紧握的双手：京鄂“战友”疫后重聚武汉,newsDetail_forward_9371422
早安·世界｜印度抗疫又现奇招，警察吸蒸汽防治新冠,newsDetail_forward_9378651
直击｜重庆松藻煤矿事故搜救完毕，已致16人遇难,newsDetail_forward_9367239
直击｜117位，第七批在韩中国人民志愿军烈士遗骸今日回国,newsDetail_forward_9365562
幸福花开新边疆｜藏地木碗“盛出”的脱贫路,newsDetail_forward_9273839
早安·世界｜特朗普正式提名巴雷特担任最高法院大法官,newsDetail_forward_9363369
幸福花开新边疆｜南迦巴瓦峰见证，雅鲁藏布江边的吞白脱贫,newsDetail_forward_9273563
早安·世界｜韩国总统首次乘战车出席建军节仪式,newsDetail_forward_9354544
2万名中国留学生将包机返英复学，澳大利亚大学“急”了,newsDetail_forward_9340862
早安·世界｜澳大利亚搁浅鲸鱼营救工作持续，部分将被安乐死,newsDetail_forward_9337238
城事｜外滩大会在上海开幕：金融科技的“超能力”还远未用足,newsDetail_forward_9322729
城事｜万众一心！天安门广场“祝福祖国”主题花坛初具规模,newsDetail_forward_9289485
早安·世界｜日本富士山顶现积雪，比去年提前约一个月,newsDetail_forward_9286952
一周图片｜排队到日落看“日出”：9件莫奈真迹在上海展出,newsDetail_forward_9274770
国庆8天坐高铁“看”中国，澎湃新闻发出旅客vlog征集令,newsDetail_forward_9271215
中国丰收节｜长三角“西瓜运动会”开赛，农民摘瓜吃瓜庆丰收,newsDetail_forward_9265608
早安·世界｜美波特兰抗议恢复，警方与示威者冲突11人被捕,newsDetail_forward_9270863
城事｜长三角西瓜灯雕刻创意大赛：抗疫题材深入人心,newsDetail_forward_9264556
早安·世界｜《钢琴家》主人公原型私人物品将在波兰拍卖,newsDetail_forward_9262913
幸福花开新边疆｜“制香人”桑珠：千年技艺助力杰麦村脱贫,newsDetail_forward_9240400
幸福花开新边疆｜高原草莓：久巴村脱贫致富的金钥匙,newsDetail_forward_9213902
早安·世界｜危险的旅程，难民乘小船穿越英吉利海峡,newsDetail_forward_9235654
城事｜14天178万样本：内地核酸检测支援队在港抗疫实录,newsDetail_forward_9199758
早安·世界｜巴西潘塔纳尔湿地火灾持续，动物生存环境堪忧,newsDetail_forward_9195471
城事｜工博会在沪开幕：首展首发近500项新品，为历年之最,newsDetail_forward_9182573
直击｜美国西海岸山火持续：多个小镇被焚数十万人紧急疏散,newsDetail_forward_9182558
多图直击｜瑞丽“封城一周”首日：全员检测学校停课商铺歇业,newsDetail_forward_9181240
早安·世界｜美西部山火致33死，特朗普赴加州听取简报,newsDetail_forward_9178244
一周图片｜南昌“跪行中介”日行2万步：“我腰杆是硬的”,newsDetail_forward_9168726
早安·世界｜法国单日新增病例破万之际，“黄背心”又上街了,newsDetail_forward_9165615
早安·世界｜希腊最大难民营烧毁后，大量难民露宿街头,newsDetail_forward_9157587
上海旅游节｜南京路步行街东拓开街首日，市民赶来体验,newsDetail_forward_9150329
上海旅游节｜南京路东拓段即将开街：中国首盏电灯原址再亮,newsDetail_forward_9129928
直击｜美加州山火烟尘蔽日，出现橙红色天空仿佛置身“火星”,newsDetail_forward_9128240
直击｜珠海斗门煤气爆炸：救援已结束，3人受伤，无人被困,newsDetail_forward_9128237
早安·世界｜受山火影响，美国西岸目前空气质量成为世界最差,newsDetail_forward_9127390
城事｜《紫禁城建成六百年》启幕：深宫漆纱200年来首展,newsDetail_forward_9114151
城事｜香港疫情趋缓：全民检测计划延长3日，麻雀馆后天可开,newsDetail_forward_9096532
城事｜探访中国首个国际A级球场：浦东足球场下周阶段性交付,newsDetail_forward_9079805
最高礼遇！国家勋章和国家荣誉称号获得者受到热烈欢迎,newsDetail_forward_9076131
早安·世界｜美国加州高温天气持续，海滩上人山人海,newsDetail_forward_9075744
H5｜最美守护——上海抗疫图片纪实,newsDetail_forward_9071287
一周图片｜再陪爷爷看夕阳：“落日余晖”照主角疫后重逢,newsDetail_forward_9066388
早安·世界｜布鲁塞尔：“小尿童”换装致敬医务人员,newsDetail_forward_9062652
早安·世界｜陪你看海！西班牙医护陪新冠患者海边放松心情,newsDetail_forward_9054837
幸福花开新边疆｜内蒙古科右中旗：生态环保孕育出的脱贫路,newsDetail_forward_8976496
早安·世界｜《蝙蝠侠》主演罗伯特·帕丁森新冠检测呈阳性,newsDetail_forward_9025119
城事｜南京路步行街东拓段开街在即，新路面让你脚下生辉,newsDetail_forward_9014687
图片故事｜深圳追梦人：从初来“试一试”到最终“充满感情”,newsDetail_forward_8995096
城事｜9月6日将华丽回归：细探90岁的上海音乐厅,newsDetail_forward_8991846
早安·世界｜特朗普访问威斯康星州受骚乱影响地区,newsDetail_forward_8990989
城事｜上海中小学开学：不一样的新学期，不一样的第一课,newsDetail_forward_8974985
早安·世界｜历史首次！美以两国代表团从以色列直飞阿联酋,newsDetail_forward_8974181
一周图片｜乌鲁木齐部分区县降至低风险，久别恋人深情相拥,newsDetail_forward_8965103
早安·世界｜毛里求斯海豚死亡数量升至38只,newsDetail_forward_8961145
早安·世界｜防止新冠病毒传播，朝鲜车站严格监测乘客体温,newsDetail_forward_8953146
早安·世界｜飓风“劳拉”席卷美路易斯安那州，至少四人死亡,newsDetail_forward_8910084
城事｜昆明烂尾楼“别样幸福城”复工：幸福可能真的要来了,newsDetail_forward_8904109
早安·世界｜美警察对非裔男子连开7枪致其瘫痪，多地游行,newsDetail_forward_8889016
